Most flags are taken from public-domain Sodipodi clip art at
http://www.sodipodi.com/index.php3?section=clipart/flags.  The authors of
these flags are listed at the bottom.

The following flags were made for Freeciv:

  - Arab: by Daniel Markstedt from a concept by Ahmad M. Zawawi
  - Armenia: by Jason Short
  - Assyria: potraced from a public-domain (PD) flag image (author unknown)
    and edited by Daniel Markstedt
  - Aram, Aymara, Aztec, Babylon, Hittite, Inca, Iran (ancient), Iroquois,
    Keetoowah, Maori, Maya, Ryukyu, Viking: by Daniel Markstedt
  - Byzantium, Constantine: by Nikos Mavrogiannopoulos
  - Cartago: by Daniel Markstedt, based on a concept by Matt Jecrell.
  - Cheyenne: from the Worms tileset by Arturo Espinosa-Aldama
  - Cornwall, Mars, Phoenicia, Silesia, St. Patrick: by
    Vasco Alexandre Da Silva Costa, based on various PD clip art images
  - Egypt (ancient): by Daniel Markstedt based on a concept by Johannes Weigand
  - Gaul, Samogitia, Southern Cross, Uyghur, Westphalia, Zulu: 
    by Daniel Markstedt using OCAL clip art
  - Greece (ancient): by Daniel Markstedt using clip art by Vzb83
  - Hacker: by Eric S. Raymond; modified for Freeciv by Daniel Markstedt
  - Illyria: by William Allen Simpson
  - Mongolia: by SKopp, Latebird, Vzb83, Reisio and Denelson83
  - Palmyra: original concept and image by JB Grout; potraced for use here.
  - Roman: by Daniel Markstedt using PD clipart and based on the original by
    Vasco Alexandre Da Silva Costa
  - Sapmi: by Dean Tersigni
  - Sumeria, Unknown: by Jason Short based on the original Freeciv flags

Here are the (incomplete) credits for the original (pre-SVG) flags.  None of these
are used anymore except as noted above.

  - Tatu Rissanen <tatu.rissanen@hut.fi>
  - David Pfitzner <dwp@mso.anu.edu.au> (revised)
  - Jerzy Klek <qpkjeek@epk.ericsson.se> (more flags added)
  - Reineir Post <reinpost@win.tue.nl> (Sweden, Holland)
  - Vasco Costa <vasc@rnl.ist.utl.pt> (Portugal)
  - Robert Brady <rwb197@ecs.soton.ac.uk> (more flags)
  - Tomasz Wegrzanowski <maniek@beer.com> (more flags added, Silesia)
  - Paul Zastoupil <paulz@adnc.com> (Dunedain, Mordor)
  - Jan Heidefuss <jan_heidefuss@yahoo.de> (Bavarian)
  - Ivan kosak <ivan.kosak@sk.tel.hr> (Croatia,Slovenia,Serbia)

Following are the credits for the sodipodi clip art flags, from which all the
other flags were taken:

Serbia, Serbia & Monte Negro	Nikola Pizurica
Yugoslavia			Nikola Pizurica
East Germany, Nepal, UN, Tibet	Tobias Jakobs			tobias.jakobs(at)web.de
San Marino, Papa New Guinea	Tobias Jakobs			tobias.jakobs(at)web.de
Samoa, Sudan, Sri Lanka		Tobias Jakobs			tobias.jakobs(at)web.de
Lebanon, Kuwait, Congo, Lebanon	Tobias Jakobs			tobias.jakobs(at)web.de
Bhutan, Uganda, Mozambique	Tobias Jakobs			tobias.jakobs(at)web.de
Central African Republic	Tobias Jakobs			tobias.jakobs(at)web.de
Zambia, Zimbawe, Antartica	Tobias Jakobs			tobias.jakobs(at)web.de
North Rhine-Westphalia 		Tobias Jakobs			tobias.jakobs(at)web.de
Norfolk Island, France		Tobias Jakobs			tobias.jakobs(at)web.de
Hamburg, Wales, Tunisia		Tobias Jakobs			tobias.jakobs(at)web.de
French Polynesia, French South.	Tobias Jakobs			tobias.jakobs(at)web.de
American Samoa, Montserat	Tobias Jakobs			tobias.jakobs(at)web.de
Pirate flags, historic navy	Tobias Jakobs			tobias.jakobs(at)web.de
Congo Kinshasa, Lower Saxony	Tobias Jakobs			tobias.jakobs(at)web.de
Northern Marianna, Saxony	Tobias Jakobs			tobias.jakobs(at)web.de
South Georg. & Sth Sandwich Is. Tobias Jakobs			tobias.jakobs(at)web.de
Schleswig Holstein, Berlin	Tobias Jakobs			tobias.jakobs(at)web.de
US Virgin Islands, Pitcairn	Tobias Jakobs			tobias.jakobs(at)web.de
Baden Wurtenberg		Tobias Jakobs			tobias.jakobs(at)web.de
Turkey				Onur Yalaz			onuryalazi(at)mersin.edu.tr
Galicia				Miguel Rodríguez		Miguel.Rodriguez(at)det.uvigo.es
Finland	4:3			Eetu Huisman			eh(at)iki.fi
Scotland, Cameron, Cyprus	Sigge Kotliar 			sigge(at)hystrix.se
Georgia, USSR, Argentina	Sigge Kotliar			sigge(at)hystrix.se
Antigua,Macedonia, Venezuela	Sigge Kotliar			sigge(at)hystrix.se
Trinidad & Tobago, Panama	Sigge Kotliar			sigge(at)hystrix.se
Scotland color			Duncan Innes 			duncan(at)innes.net
German Swatstica		Christian Neumair 		chris(at)gnome-de.org
Switzerland, Swiss Naval 	Philipp Frauenfelder		pfrauenf(at)math.ethz.ch
Indonesia			Kuswanto			zeus(at)bajingloncat.com
Iceland				Áki G. Karlsson			aki(at)akademia.is
Israel				John C Meuser			meuserj(at)purdue.edu
Spain_plain			Francisco Camenforte Torres 	fct834(at)alboran.ual.es
Swiss 4:3			Frank Murphy 			murphyf+sodipodi(at)f-m.fm
Uruguay				Eduardo Roldan 			trazor(at)multitel.com.uy
Alaska, Colorado		Chris Hilker 			hilker(at)yahoo.com
Jutland				Kenneth Rohde Christiansen 	kenneth(at)gnu.org
South Africa			Farrel Lifson 			flifson(at)cs.uct.ac.za
Argentina_plain			Ernesto Carrea			enc(at)netcombbs.com.ar
Belgium				Gregory Deseck			aeon(at)pandora.be
Denmark				Jens Bech Madsen 		jbm(at)oncable.dk
Esperanto			Charles Voelger 		cvoelger(at)dweasel.com
Netherland			Marc Maurer 			j.m.maurer(at)student.utwente.nl
Denmark				Jens Bech Madsen		jbm(at)oncable.dk
Armenia				AnI AnI 			hayastan132(at)hotmail.com
Arizona				Thomas Reynolds 		Thomas.Reynolds(at)asu.edu
Saint Vincet and Grenadines	Cezary Biel 			yemu(at)gazeta.pl
Saudia Arabia, taiwan, tonga	Cezary Biel 			yemu(at)gazeta.pl
Trinidad & Tobago, Uzbekistan	Cezary Biel 			yemu(at)gazeta.pl
Togo, Macau, Brazil, Iran	Cezary Biel 			yemu(at)gazeta.pl
Netherlands Antilles, Nauru	Cezary Biel			yemu(at)gazeta.pl
Timor Leste, Niue, Tuvalu	Cezary Biel 			yemu(at)gazeta.pl
Christmas Island, Mexico	Cezary Biel 			yemu(at)gazeta.pl
Tokelau, Burundi, Saint Lucia	Cezary Biel 			yemu(at)gazeta.pl
Micronesia, Solomon Island	Cezary Biel 			yemu(at)gazeta.pl
Sao Tome and principe		Cezary Biel 			yemu(at)gazeta.pl
Rwanda				Cezary Biel 			yemu(at)gazeta.pl
Dominican Republic		Luis M 				lemsx1(at)hotmail.com
Madagascar,Tanzania,Seychelles	Russell Cloran 			russell(at)rucus.net
North Carolina, South Carolina	Steve Hall 			digitect(at)mindspring.com
Alabama, Arkansas		Steve Hall 			digitect(at)mindspring.com
Canada				James Leigh 			james(at)leighnet.ca
England				Thom Sanders 			thom.sanders(at)btinternet.com
Norway, Aaland, Faroe, NATO	Christian Schaller		christian.schaller(at)gnome.org
Gibraltar, Palau, Honduras	Christian Schaller		christian.schaller(at)gnome.org
Indiana, Lithuania, Cape Verde	Christian Schaller		christian.schaller(at)gnome.org
Guyana, Guinea Bissau		Christian Schaller		christian.schaller(at)gnome.or
Yemen				Thomas Tonino 			ttonino(at)users.sourceforge.net
Australian Aboriginee, Mali	Brett Roper			roperb(at)iinet.net.au
Ivory Coast, Botswana, Monaco	Brett Roper 			brett(at)pudiga.org
Nigeria, Mauritius, Chad	Brett Roper 			brett(at)pudiga.org
El Salvador, Sierra Leone,Peru	Brett Roper 			brett(at)pudiga.org
Arab Emirates, Bolivia		Brett Roper 			brett(at)pudiga.org
Australia, New Zealand, USA	Daniel McRae			djm158(at)student.canterbury.ac.nz
United Kingdom,	Armenia		Daniel McRae			djm158(at)student.canterbury.ac.nz
Azerbaijan, Bahamas, Belgium	Daniel McRae			djm158(at)student.canterbury.ac.nz
Benin, Bulgaria, Estonia	Daniel McRae			djm158(at)student.canterbury.ac.nz
Finland, Gabon, Gambia		Daniel McRae			djm158(at)student.canterbury.ac.nz
Greece,Greenland, Guinea	Daniel McRae			djm158(at)student.canterbury.ac.nz
Jamaica, Jordan, Romania	Daniel McRae			djm158(at)student.canterbury.ac.nz	
Puerto Rico			Ricardo Veguilla González 	veguilla(at)hpcf.upr.edu
Germany				Philipp Sadleder 		philipp.sadleder(at)web.de
Latvia				Lauris Bukšis 			lauris(at)nix.lv
Anguilla, Aruba, Albania	John C Meuser 			meuserj(at)purdue.edu
Portugal			Diogo Mamede 			euept(at)myrealbox.com
Palestine			Samir M. Nassar 		sp(at)steamedpenguin.com
Bavaria				Jörgen Scheibengruber		Joergen.Scheibengruber(at)wh-hms.uni-ulm.de
Sweden				Richard Torkar
Croatia				Frank Zeko			frankz(at)dogstone.com
Newfoundland			Robert Crosbie 			swingincelt(at)hotmail.com
Iraq, Ukraine, Irland, Ireland	Lauris Kaplinski		lauris(at)kaplinski.com
Malaysia			Lauris Kaplinski		lauris(at)kaplinski.com
Spain with emblem, Canary Is.	Pedro A. Gracia Fajardo 	pedro(at)neuroomante.com
Galicia, Murcia, Madrid		Pedro A. Gracia Fajardo 	pedro(at)neuroomante.com
Haiti				Shawn J. Stewart 		shawn(at)irietek.com
Ontario				Pat Suwalski 			pat(at)suwalski.net
Brunei				Gustav Broberg 			broberg(at)kth.se
Qatar				Craig Kacinko 			ckacinko(at)hotmail.com
Manitoba,Nunavut, British Col.	James Leigh 			james(at)leighnet.ca
ohio				Rob Davenport 			rgd(at)travellercentral.com
Syria, Liberia, Suriname	Craig Kacinko 			ckacinko(at)hotmail.com
Somalia, Djibouti		Craig Kacinko 			ckacinko(at)hotmail.com
Maryland, Tennessee		Michael Wheeler 		mwheeler(at)ameritech.net
California			Jon A. Cruz 			joncruz(at)speakeasy.net
Christian,New Mexico		Jeff Smith 			whydoubt(at)yahoo.com
Senegal				Adib				taraben.a(at)wige-data.de
Slovenia, Emirates_32 		Matthew Gatto 			poobar(at)nycap.rr.com
Tajikistan, Guatemala		Matthew Gatto 			poobar(at)nycap.rr.com
Chile				Mario Fuentes 			mario(at)gnome.cl
Kazakhstan, Cambodia, Vanuatu	Caleb Moore 			calebmm(at)tpg.com.au
Fiji, Lichtenstein, Moldova	Caleb Moore 			calebmm(at)tpg.com.au
New South Wales,Turkmenistan	Caleb Moore 			calebmm(at)tpg.com.au
Belarus, Malta, Dominica	Caleb Moore 			calebmm(at)tpg.com.au
Oman,Belize, Swaziland		Caleb Moore 			calebmm(at)tpg.com.au
Paraguay, Myanmar, Nicaragua	Caleb Moore 			calebmm(at)tpg.com.au
Costa Rica, Eq. Guinea		Caleb Moore 			calebmm(at)tpg.com.au
Ecuador, Andorra		Caleb Moore 			calebmm(at)tpg.com.au
Maori, Vatican			Caleb Moore 			calebmm(at)tpg.com.au
British Indian Ocean Territory  Caleb Moore			calebmm(at)tpg.com.au
Australian Capitial Territory	Caleb Moore			calebmm(at)tpg.com.au
Australian Northern Territory	Caleb Moore			calebmm(at)tpg.com.au
Queensland, Victoria		Caleb Moore			calebmm(at)tpg.com.au
Western Australia		Caleb Moore			calebmm(at)tpg.com.au
Cook Islands, El Salvador	Caleb Moore			calebmm(at)tpg.com.au
Historical South Africa		Caleb Moore			calebmm(at)tpg.com.au
Tasmania, South Australia	Caleb Moore			calebmm(at)tpg.com.au
Canada NW Terr,	New Brunswick	Caleb Moore			calebmm(at)tpg.com.au
District of Columbia, Hawaii	Rob Adams 			readams(at)readams.net
Piedmonte			Luigi Maselli 			metnik(at)tiscali.it
Waloon, Brussels, Flanders	Cedric de Launois 		delaunois(at)info.ucl.ac.be
Comoros, Eritrea, Kyrgyzstan	Andrew Duhan			andrew.b.duhan(at)ttu.edu
Guam, Marshal Islands		Andrew Duhan			andrew.b.duhan(at)ttu.edu
Western Sahara, Afghanistan	Andrew Duhan			andrew.b.duhan(at)ttu.edu
Wallis and Futuna		Andrew Duhan			andrew.b.duhan(at)ttu.edu
Belarus Historic		Vital Khilko			dojlid(at)mova.org
UNO,WHO,UNICEF,UNESCO		Wilfried Huss			willihus(at)sbox.tugraz.at
Spain Catalunya			Xavier Conde Rueda 		xaviconde(at)eresmas.com
